{
	"JohnEarnest": {
		"email": "JohnEarnest@gmail.com",
		"url":   "https://github.com/JohnEarnest"
	},
	"TomRintjema": {
		"email": "ThomasRintjema@gmail.com",
		"url":   "https://github.com/TomRintjema/"
	},
	"LarissaR": {
	},
	"SystemLogoff": {
		"email": "systemlogoffsa@gmail.com",
		"url":   "https://systemlogoff.com"
	},
	"Rectus": {
		"email": "rectus.sa@gmail.com",
		"url":   "https://github.com/Rectus/"
	},
	"SupSuper": {
		"email": "supsuper@gmail.com",
		"url":   "https://github.com/SupSuper/"
	},
	"TodPunk": {
		"email": "chip8archive@todandlorna.com.com",
		"url":   "https://github.com/TodPunk/"
	},
	"your name here": {
	},
	"Chromatophore": {
		"url":	"https://github.com/Chromatophore"
	},
	"MattBooth": {
		"email": "synchingfeeling@gmail.com",
		"url":   "https://github.com/Mattpbooth/"
	},
	"Aeris": {
		"email": "alicewang54@gmail.com",
		"url":   "https://github.com/microaeris"
	},
	"JordanMecom": {
		"url":   "https://github.com/jmecom"
	},
	"LillianWang": {
		"url":   "https://github.com/lillworkspace"
	},
	"tann": {
		"email": "tann@tann.space",
		"url":   "http://tann.space/"
	},
	"tinaun": {
		"url": "http://tinaun.net"
	},
	"JackieKircher": {
		"url":   "http://jackiekircher.com"
	},
	"tobiasvl": {
		"email": "tobias@langhoff.no",
		"url":   "https://tobiasvl.itch.io"
	},
	"SharpenedSpoon": {
	},
	"Kesha": {
		"url": "https://cownamedsquirrel.com"
	},
	"Willfor": {
		"url": "https://willfor.itch.io/"
	},
	"TimoTriisa": {
		"url": "https://boringreallife.com"
	},
	"WilliamDonnelly": {
		"url": "http://www.MDCCCII.com"
	},
	"buffi": {
		"url": "https://github.com/buffis"
	},
	"simonpacis": {
		"url": "https://github.com/simonpacis"
	},
	"mattmik": {
		"url": "http://mattmik.com/"
	}
}
