{
	"octojam1title": {
		"title":    "Octojam 1 Title",
		"authors":  ["JohnEarnest"],
		"images":   ["octojam1title.gif"],
		"desc":     "Greeting program for the Octo-ber 2014 Chip8 Game Jam.",
		"event":    "Octojam1",
		"release":  "2014-09-29",
		"platform": "chip8",
		"options": {
			"tickrate":"7",
			"fillColor":"#FFAA00",
			"backgroundColor":"#AA4400",
			"buzzColor":"#FFAA00",
			"quietColor":"#000000",
			"shiftQuirks":false,
			"loadStoreQuirks":false
		}
	},
	"octojam2title": {
		"title":    "Octojam 2 Title",
		"authors":  ["JohnEarnest"],
		"images":   ["octojam2title.gif"],
		"desc":     "This title card draws a nearly full screen 64x30 animation with very low flicker.",
		"event":    "Octojam2",
		"release":  "2015-09-21",
		"platform": "chip8",
		"options":  {
			"tickrate":"7",
			"fillColor":"#FFAA00",
			"fillColor2":"#FF6600",
			"blendColor":"#662200",
			"backgroundColor":"#AA4400",
			"buzzColor":"#FFAA00",
			"quietColor":"#000000",
			"shiftQuirks":false,
			"loadStoreQuirks":false,
			"vfOrderQuirks":false,
			"enableXO":false
		}
	},
	"octojam3title": {
		"title":    "Octojam 3 Title",
		"authors":  ["JohnEarnest"],
		"images":   ["octojam3title.gif"],
		"desc":     "This title card disambiguates at runtime between a COSMAC VIP, SCHIP, and Octo.",
		"event":    "Octojam3",
		"release":  "2016-09-25",
		"platform": "chip8",
		"options":  {
			"tickrate":"7",
			"fillColor":"#FFAA00",
			"fillColor2":"#FF6600",
			"blendColor":"#662200",
			"backgroundColor":"#AA4400",
			"buzzColor":"#FFAA00",
			"quietColor":"#000000",
			"shiftQuirks":false,
			"loadStoreQuirks":false,
			"vfOrderQuirks":false,
			"clipQuirks":false,
			"jumpQuirks":false,
			"enableXO":false,
			"screenRotation":0
		}
	},
	"octojam4title": {
		"title":    "Octojam 4 Title",
		"authors":  ["JohnEarnest"],
		"images":   ["octojam4title.gif"],
		"desc":     "This title card demonstrates the new :macro and :calc directives.",
		"event":    "Octojam4",
		"release":  "2017-09-23",
		"platform": "chip8",
		"options":  {
			"tickrate":"30",
			"fillColor":"#FFAA00",
			"fillColor2":"#FF6600",
			"blendColor":"#662200",
			"backgroundColor":"#AA4400",
			"buzzColor":"#FFAA00",
			"quietColor":"#000000",
			"shiftQuirks":false,
			"loadStoreQuirks":false,
			"vfOrderQuirks":false,
			"clipQuirks":false,
			"jumpQuirks":false,
			"enableXO":false,
			"screenRotation":0
		}
	},
	"octojam5title": {
		"title":    "Octojam 5 Title",
		"authors":  ["JohnEarnest"],
		"images":   ["octojam5title.gif"],
		"desc":     "Greeting program for the fifth annual 2018 Octojam.",
		"event":    "Octojam5",
		"release":  "2018-09-24",
		"platform": "chip8",
		"options":  {
			"tickrate":7,
			"fillColor":"navy",
			"fillColor2":"#FF6600",
			"blendColor":"#662200",
			"backgroundColor":"hotpink",
			"buzzColor":"#FFAA00",
			"quietColor":"#000000",
			"shiftQuirks":false,
			"loadStoreQuirks":false,
			"vfOrderQuirks":false,
			"clipQuirks":false,
			"jumpQuirks":false,
			"enableXO":false,
			"screenRotation":0
		}
	},
	"octojam6title": {
		"title":    "Octojam 6 Title",
		"authors":  ["JohnEarnest"],
		"images":   ["octojam6title.gif"],
		"desc":     "Greeting program for the sixth annual 2019 Octojam.",
		"event":    "Octojam6",
		"release":  "2019-09-07",
		"platform": "chip8",
		"options":  {
			"tickrate":7,
			"fillColor":"#330033",
			"fillColor2":"#00FFFF",
			"blendColor":"#FFFFFF",
			"backgroundColor":"#AAAAFF",
			"buzzColor":"#990099",
			"quietColor":"#330033",
			"shiftQuirks":false,
			"loadStoreQuirks":false,
			"vfOrderQuirks":false,
			"clipQuirks":false,
			"jumpQuirks":false,
			"screenRotation":0
		}
	},
	"eaty": {
		"title":    "Eaty The Alien",
		"authors":  ["JohnEarnest"],
		"images":   ["eaty.gif"],
		"desc":     "An incredible intergalactic adventure.",
		"event":    "Octojam2",
		"release":  "2015-10-31",
		"platform": "schip",
		"options": {
			"tickrate":"200",
			"fillColor":"#443300",
			"fillColor2":"#FF6600",
			"blendColor":"#662200",
			"backgroundColor":"#aa7700",
			"buzzColor":"#FFAA00",
			"quietColor":"#000000",
			"shiftQuirks":false,
			"loadStoreQuirks":false,
			"vfOrderQuirks":false,
			"enableXO":false
		}
	},
	"fuse": {
		"title":    "Fuse",
		"authors":  ["JohnEarnest"],
		"images":   ["fuse.gif"],
		"desc":     "A minimalist reinterpretation of the classic Pipe Dream.",
		"event":    "Octojam3",
		"release":  "2016-10-27",
		"platform": "chip8",
		"options": {
			"tickrate":"15",
			"fillColor":"#306230",
			"fillColor2":"#FF6600",
			"blendColor":"#662200",
			"backgroundColor":"#8BAC0F",
			"buzzColor":"#333333",
			"quietColor":"#000000",
			"shiftQuirks":false,
			"loadStoreQuirks":false,
			"vfOrderQuirks":false,
			"clipQuirks":false,
			"jumpQuirks":false,
			"enableXO":false,
			"screenRotation":0
		}
	},
	"blackrainbow": {
		"title":    "Black Rainbow",
		"authors":  ["JohnEarnest"],
		"images":   ["blackrainbow.gif"],
		"desc":     "Plumb the depths of your subconscious and bring back the motherlode...",
		"event":    "Octojam3",
		"release":  "2016-11-01",
		"platform": "schip",
		"options":  {
			"tickrate":20,
			"fillColor":"lightgray",
			"fillColor2":"#FF6600",
			"blendColor":"#662200",
			"backgroundColor":"gray",
			"buzzColor":"white",
			"quietColor":"#000000",
			"shiftQuirks":false,
			"loadStoreQuirks":false,
			"vfOrderQuirks":false,
			"clipQuirks":false,
			"jumpQuirks":false,
			"enableXO":false,
			"screenRotation":0
		}
	},
	"slipperyslope": {
		"title":    "Slippery Slope",
		"authors":  ["JohnEarnest"],
		"images":   ["slipperyslope.gif"],
		"desc":     "The ice we skate is getting pretty thin. The water's getting warm so you might as well swim.",
		"event":    "Octojam5",
		"release":  "2018-10-31",
		"platform": "chip8",
		"options":  {
			"tickrate":30,
			"fillColor":"navy",
			"fillColor2":"#FF6600",
			"blendColor":"#662200",
			"backgroundColor":"powderblue",
			"buzzColor":"#FFAA00",
			"quietColor":"#000000",
			"shiftQuirks":false,
			"loadStoreQuirks":false,
			"vfOrderQuirks":false,
			"clipQuirks":false,
			"jumpQuirks":false,
			"enableXO":false,
			"screenRotation":0
		}
	},
	"chipwar": {
		"title":    "ChipWar",
		"authors":  ["JohnEarnest"],
		"images":   ["chipwar.gif"],
		"desc":     "A (loose) adaptation of the classic DiceWars.",
		"release":  "2014-06-06",
		"platform": "chip8",
		"options":  {
			"tickrate":"15",
			"backgroundColor":"#6699FF",
			"fillColor":"#000066",
			"buzzColor":"#FFAA00",
			"quietColor":"#000000"
		}
	},
	"caveexplorer": {
		"title":    "Cave Explorer",
		"authors":  ["JohnEarnest"],
		"images":   ["cave1.gif", "cave2.gif"],
		"desc":     "Do you have what it takes to be a Cave Explorer?",
		"release":  "2014-06-22",
		"platform": "chip8",
		"options":  {
			"tickrate":"20",
			"backgroundColor":"#996600",
			"fillColor":"#FFCC00",
			"buzzColor":"#FFAA00",
			"quietColor":"#000000"
		}
	},
	"sweetcopter": {
		"title":    "Sw8 Copter",
		"authors":  ["JohnEarnest"],
		"images":   ["sweetcopter.gif"],
		"desc":     "An adaptation of \"Swing Copters\" for the Super Chip8.",
		"release":  "2014-09-02",
		"platform": "schip",
		"options":  {
			"tickrate":"100",
			"backgroundColor":"#117799",
			"fillColor":"white",
			"buzzColor":"#1166DD",
			"quietColor":"#000000",
			"shiftQuirks":false,
			"loadStoreQuirks":false
		}
	},
	"wonkypong": {
		"title":	"Wonky Pong",
		"authors":	["TomRintjema"],
		"images":	["wonkypong.gif"],
		"desc":		"Pong, but wonky. Made for Octojam IV.",
		"event":    "Octojam4",
		"release":	"2018-11-01",
		"platform":	"xochip",
		"options":	{
			"tickrate":"100",
			"backgroundColor":"#FFFFFF",
			"fillColor":"#000000",
			"buzzColor":"#666666",
			"quietColor":"#000000"
		}
	},
	"gradsim": {
		"title":    "Grad School Simulator 2014",
		"authors":  ["JohnEarnest"],
		"images":   ["gradsim.gif"],
		"desc":     "Welcome to the sunless depths of my ennui.",
		"release":  "2014-09-15",
		"platform": "schip",
		"options":  {
			"tickrate":"20",
			"backgroundColor":"gray",
			"fillColor":"black",
			"buzzColor":"#FFAA00",
			"quietColor":"#000000",
			"shiftQuirks":false,
			"loadStoreQuirks":false
		}
	},
	"mondrian": {
		"title":    "Mondri8",
		"authors":  ["JohnEarnest"],
		"images":   ["mondrian.gif"],
		"desc":     "Draw random compositions in the style of Piet Mondrian.",
		"release":  "2014-09-25",
		"platform": "schip",
		"options":  {
			"tickrate":"100",
			"backgroundColor":"#996600",
			"fillColor":"#FFCC00",
			"buzzColor":"#FFAA00",
			"quietColor":"#000000",
			"shiftQuirks":false,
			"loadStoreQuirks":false
		}
	},
	"outlaw": {
		"title":    "Outlaw",
		"authors":  ["JohnEarnest"],
		"images":   ["outlaw.gif"],
		"desc":     "An adaptation of the Atari 2600 game \"Outlaw\" for the Chip8.",
		"release":  "2014-07-17",
		"platform": "chip8",
		"options":  {
			"tickrate":"15",
			"backgroundColor":"#664400",
			"fillColor":"#AA4400",
			"buzzColor":"coral",
			"quietColor":"#000000"
		}
	},
	"RPS": {
		"title":    "RPS",
		"authors":  ["SystemLogoff"],
		"images":   ["rps_oj1.gif"],
		"desc":     "Classic \"Rock Paper Scissors\" game for the Chip8.",
		"release":  "2015-10-25",
		"platform": "chip8",
		"event":"Octojam1",
		"options":  {
			"tickrate":"7",
			"backgroundColor":"#AA9999",
			"fillColor":"#220000",
			"buzzColor":"FFAA00",
			"quietColor":"#000000",
			"shiftQuirks":false,
			"loadStoreQuirks":false,
			"vfOrderQuirks":false
    }
  },
	"octoachip8story": {
		"title":    "Octo: a Chip 8 Story",
		"authors":  ["SystemLogoff"],
		"images":   ["octoachip8story.gif"],
		"desc":     "A visual novel game for the Chip8.",
		"release":  "2015-10-29",
		"platform": "chip8",
		"event":"Octojam1",
		"options":  {
			"tickrate":"7",
			"backgroundColor":"#111111",
			"fillColor":"#EEEEEE",
			"buzzColor":"FFFF00",
			"quietColor":"#222222",
			"shiftQuirks":false,
			"loadStoreQuirks":false,
			"vfOrderQuirks":false
    }
  },
	"pumpkindressup": {
		"title":    "Pumpkin \"Dreess\" Up",
		"authors":  ["SystemLogoff"],
		"images":   ["pumpkindressup.gif"],
		"desc":     "Classic Adobe Flash games, now in Chip8.",
		"release":  "2015-11-01",
		"platform": "chip8",
		"event":"Octojam1",
		"options":  {
			"tickrate":"7",
			"backgroundColor":"#FFA500",
			"fillColor":"#111122",
			"buzzColor":"FFFF00",
			"quietColor":"#222222",
			"shiftQuirks":false,
			"loadStoreQuirks":false,
			"vfOrderQuirks":false
    }
  },
	"petdog": {
		"title":    "Pet Dog",
		"authors":  ["SystemLogoff"],
		"images":   ["petdog.gif"],
		"desc":     "Undertale fangame made in Chip8.",
		"release":  "2015-10-31",
		"platform": "chip8",
		"event":"Octojam2",
		"options":  {
			"tickrate":"7",
			"fillColor":"#fafafa",
			"fillColor2":"#FF6600",
			"blendColor":"#662200",
			"backgroundColor":"#0c0c0c",
			"buzzColor":"#fafafa",
			"quietColor":"1a1a1a",
			"shiftQuirks":false,
			"loadStoreQuirks":false,
			"vfOrderQuirks":false,
			"enableXO":false
    }
  },
	"8ceattourny_d1": {
		"title":    "8CE Attourny - Disc 1",
		"authors":  ["SystemLogoff"],
		"images":   ["8ceattourny_d1.gif"],
		"desc":     "Exciting court battles in Chip8! Disc 1/3 of an exciting multi-tape game.",
		"release":  "2016-10-30",
		"platform": "chip8",
		"event":"Octojam3",
		"options":  {
			"tickrate":"7",
			"fillColor":"#f1f1f1",
			"fillColor2":"#FF6600",
			"blendColor":"#662200",
			"backgroundColor":"#0f0f0f",
			"buzzColor":"#aaff55",
			"quietColor":"#777777",
			"shiftQuirks":false,
			"loadStoreQuirks":false,
			"vfOrderQuirks":false,
			"clipQuirks":false,
			"jumpQuirks":false,
			"enableXO":false,
			"screenRotation":0
    }
  },
	"8ceattourny_d2": {
		"title":    "8CE Attourny - Disc 2",
		"authors":  ["SystemLogoff"],
		"images":   ["8ceattourny_d2.gif"],
		"desc":     "Exciting court battles in Chip8! Disc 2/3 of an exciting multi-tape game.",
		"release":  "2016-10-30",
		"platform": "chip8",
		"event":"Octojam3",
		"options":  {
			"tickrate":"7",
			"fillColor":"#f1f1f1",
			"fillColor2":"#FF6600",
			"blendColor":"#662200",
			"backgroundColor":"#0f0f0f",
			"buzzColor":"#aaff55",
			"quietColor":"#777777",
			"shiftQuirks":false,
			"loadStoreQuirks":false,
			"vfOrderQuirks":false,
			"clipQuirks":false,
			"jumpQuirks":false,
			"enableXO":false,
			"screenRotation":0
    }
  },
	"8ceattourny_d3": {
		"title":    "8CE Attourny - Disc 3",
		"authors":  ["SystemLogoff"],
		"images":   ["8ceattourny_d3.gif"],
		"desc":     "Exciting court battles in Chip8! Disc 3/3 of an exciting multi-tape game.",
		"release":  "2016-10-30",
		"platform": "chip8",
		"event":"Octojam3",
		"options":  {
			"tickrate":"7",
			"fillColor":"#f1f1f1",
			"fillColor2":"#FF6600",
			"blendColor":"#662200",
			"backgroundColor":"#0f0f0f",
			"buzzColor":"#aaff55",
			"quietColor":"#777777",
			"shiftQuirks":false,
			"loadStoreQuirks":false,
			"vfOrderQuirks":false,
			"clipQuirks":false,
			"jumpQuirks":false,
			"enableXO":false,
			"screenRotation":0
    }
  },
	"DVN8": {
		"title":    "DVN8",
		"authors":  ["SystemLogoff"],
		"images":   ["DVN8.gif"],
		"desc":     "This is your great-grandma's dungeon crawler. You can see it with the manual at https://systemlogoff.com/share/DVN8/index.html",
		"release":  "2017-10-30",
		"platform": "chip8",
		"event":"Octojam4",
		"options":  {
			"tickrate":"20",
			"fillColor":"#1f1f1f",
			"fillColor2":"#FF6600",
			"blendColor":"#662200",
			"backgroundColor":"#f0f0f0",
			"buzzColor":"#aa2222",
			"quietColor":"#000000",
			"shiftQuirks":false,
			"loadStoreQuirks":false,
			"vfOrderQuirks":false,
			"clipQuirks":false,
			"jumpQuirks":false,
			"enableXO":false,
			"screenRotation":0
    }
  },
	"octorancher": {
		"title":    "Octo Rancher",
		"authors":  ["SystemLogoff"],
		"images":   ["octorancher.gif"],
		"desc":     "Train monsters and become a real ranching champion. Read the manual at https://systemlogoff.com/share/Octo-Rancher-Manual.pdf",
		"release":  "2018-10-30",
		"platform": "chip8",
		"event":"Octojam5",
		"options":  {
			"tickrate":"7",
			"fillColor":"#f1f1f1",
			"fillColor2":"#FF6600",
			"blendColor":"#662200",
			"backgroundColor":"#0f0f0f",
			"buzzColor":"#aaff55",
			"quietColor":"#777777",
			"shiftQuirks":false,
			"loadStoreQuirks":false,
			"vfOrderQuirks":false,
			"clipQuirks":false,
			"jumpQuirks":false,
			"enableXO":false,
			"screenRotation":0
    }
  },
	"tank": {
		"title":    "Tank!",
		"authors":  ["Rectus"],
		"images":   ["tank.gif"],
		"desc":     "A two player artillery game.",
		"event":	"Octojam5",
		"release":  "2018-10-31",
		"platform": "chip8",
		"options":  {
			"tickrate":"200"
		}
	},
	"rockto": {
		"title":    "Rockto",
		"authors":  ["SupSuper"],
		"images":   ["rockto.gif"],
		"desc":     "An adaptation of \"Boulder Dash\" for the Chip8.",
		"event":	"Octojam1",
		"release":  "2014-11-01",
		"platform": "schip",
		"options": {
			"tickrate": "15",
			"fillColor": "#CCCCCC",
			"backgroundColor": "#333333",
			"buzzColor": "#FFFFFF",
			"quietColor": "#000000"
		}
	},
	"flightrunner": {
		"title":    "Flight Runner",
		"authors":  ["TodPunk"],
		"images":   ["flightrunner.gif"],
		"desc":     "A simple flight runner for the Chip8.",
		"event":	"Octojam1",
		"release":  "2014-11-01",
		"platform": "chip8",
		"options": {
			"tickrate": "15",
			"fillColor": "#FFCC00",
			"backgroundColor": "#0000FF",
			"buzzColor": "#FFFFFF",
			"quietColor": "#000000"
		}
	},
	"turnover77": {
		"title":    "Turnover '77",
		"authors":  ["your name here"],
		"images":   ["turnover.gif"],
		"desc":     "Roundabout de-make",
		"event":    "Octojam1",
		"release":  "2014-08-31",
		"platform": "schip",
		"options":  {
			"tickrate":"200",
			"fillColor":"#FFe900",
			"backgroundColor":"#ED7f37",
			"buzzColor":"#FFAA00",
			"quietColor":"#000000",
			"shiftQuirks":false,
			"loadStoreQuirks":false,
			"vfOrderQuirks":false
		}
	},
	"ultimatetictactoe": {
		"title":    "Ultimate Tic-tac-toe",
		"authors":  ["your name here"],
		"images":   ["tictac.gif"],
		"desc":     "Two player game",
		"event":    "Octojam1",
		"release":  "2014-09-01",
		"platform": "schip",
		"options":  {
			"tickrate":"7",
			"fillColor":"#553300",
			"backgroundColor":"#FFFFFF",
			"buzzColor":"#FFAA00",
			"quietColor":"#FFFFFF",
			"shiftQuirks":false,
			"loadStoreQuirks":false,
			"vfOrderQuirks":false
		}
	},
	"t8nks": {
		"title":    "T8NKS",
		"authors":  ["your name here"],
		"images":   ["tanks.gif"],
		"desc":     "Artillery game",
		"event":    "Octojam2",
		"release":  "2015-08-31",
		"platform": "xochip",
		"options":  {
			"tickrate":"1000",
			"fillColor":"#554422",
			"fillColor2":"#456543",
			"blendColor":"#EEEEFF",
			"backgroundColor":"#87CEEB",
			"buzzColor":"#FFFFFF",
			"quietColor":"#000000",
			"shiftQuirks":false,
			"loadStoreQuirks":false,
			"vfOrderQuirks":false,
			"enableXO":true
		}
	},
		"octopaint": {
		"title":    "Octo paint",
		"authors":  ["your name here"],
		"images":   ["paint.gif"],
		"desc":     "Drawing Program",
		"release":  "2016-06-12",
		"platform": "xochip",
		"options":  {
			"tickrate":"30",
			"fillColor":"#FFCC00",
			"fillColor2":"#FF6600",
			"blendColor":"#662200",
			"backgroundColor":"#996600",
			"buzzColor":"#FFAA00",
			"quietColor":"#000000",
			"shiftQuirks":false,
			"loadStoreQuirks":false,
			"vfOrderQuirks":false,
			"enableXO":true
		}

	},
		"jub8-1": {
		"title":    "jub8 Song 1",
		"authors":  ["your name here"],
		"images":   ["j1title.gif"],
		"desc":     "Rhythm game. WARNING: Volume",
		"event":    "Octojam3",
		"release":  "2016-08-31",
		"platform": "xochip",
		"options":  {
			"tickrate":"1000",
			"fillColor":"#000000",
			"fillColor2":"#FDFFD5",
			"blendColor":"#BA5A1A",
			"backgroundColor":"#353C41",
			"buzzColor":"#353C41",
			"quietColor":"#353C41",
			"shiftQuirks":false,
			"loadStoreQuirks":false,
			"vfOrderQuirks":false,
			"clipQuirks":false,
			"jumpQuirks":false,
			"enableXO":true,
			"screenRotation":0
		}
	},
		"jub8-2": {
		"title":    "jub8 Song 2",
		"authors":  ["your name here"],
		"images":   ["j2title.gif"],
		"desc":     "Rhythm game. WARNING: Volume",
		"event":    "Octojam3",
		"release":  "2016-08-31",
		"platform": "xochip",
		"options":  {
			"tickrate":"1000",
			"fillColor":"#000000",
			"fillColor2":"#FDFFD5",
			"blendColor":"#BA5A1A",
			"backgroundColor":"#353C41",
			"buzzColor":"#353C41",
			"quietColor":"#353C41",
			"shiftQuirks":false,
			"loadStoreQuirks":false,
			"vfOrderQuirks":false,
			"clipQuirks":false,
			"jumpQuirks":false,
			"enableXO":true,
			"screenRotation":0
		}
	},
		"jub8-3": {
		"title":    "jub8 Song 3",
		"authors":  ["your name here"],
		"images":   ["j3title.gif"],
		"desc":     "Rhythm game. WARNING: Volume",
		"event":    "Octojam3",
		"release":  "2016-08-31",
		"platform": "xochip",
		"options":  {
			"tickrate":"1000",
			"fillColor":"#000000",
			"fillColor2":"#FDFFD5",
			"blendColor":"#BA5A1A",
			"backgroundColor":"#353C41",
			"buzzColor":"#353C41",
			"quietColor":"#353C41",
			"shiftQuirks":false,
			"loadStoreQuirks":false,
			"vfOrderQuirks":false,
			"clipQuirks":false,
			"jumpQuirks":false,
			"enableXO":true,
			"screenRotation":0
		}
	},
		"jub8-4": {
		"title":    "jub8 Song 4",
		"authors":  ["your name here"],
		"images":   ["j4title.gif"],
		"desc":     "Rhythm game. WARNING: Volume",
		"event":    "Octojam3",
		"release":  "2016-08-31",
		"platform": "xochip",
		"options":  {
			"tickrate":"1000",
			"fillColor":"#000000",
			"fillColor2":"#FDFFD5",
			"blendColor":"#BA5A1A",
			"backgroundColor":"#353C41",
			"buzzColor":"#353C41",
			"quietColor":"#353C41",
			"shiftQuirks":false,
			"loadStoreQuirks":false,
			"vfOrderQuirks":false,
			"clipQuirks":false,
			"jumpQuirks":false,
			"enableXO":true,
			"screenRotation":0
		}
	},
		"jub8-5": {
		"title":    "jub8 Song 5",
		"authors":  ["your name here"],
		"images":   ["j5title.gif"],
		"desc":     "Rhythm game. WARNING: Volume",
		"event":    "Octojam3",
		"release":  "2016-08-31",
		"platform": "xochip",
		"options":  {
			"tickrate":"1000",
			"fillColor":"#000000",
			"fillColor2":"#FDFFD5",
			"blendColor":"#BA5A1A",
			"backgroundColor":"#353C41",
			"buzzColor":"#353C41",
			"quietColor":"#353C41",
			"shiftQuirks":false,
			"loadStoreQuirks":false,
			"vfOrderQuirks":false,
			"clipQuirks":false,
			"jumpQuirks":false,
			"enableXO":true,
			"screenRotation":0
		}
	},
		"jub8-6": {
		"title":    "jub8 Song 6",
		"authors":  ["your name here"],
		"images":   ["j6title.gif"],
		"desc":     "Rhythm game. WARNING: Volume",
		"event":    "Octojam3",
		"release":  "2016-08-31",
		"platform": "xochip",
		"options":  {
			"tickrate":"1000",
			"fillColor":"#000000",
			"fillColor2":"#FDFFD5",
			"blendColor":"#BA5A1A",
			"backgroundColor":"#353C41",
			"buzzColor":"#353C41",
			"quietColor":"#353C41",
			"shiftQuirks":false,
			"loadStoreQuirks":false,
			"vfOrderQuirks":false,
			"clipQuirks":false,
			"jumpQuirks":false,
			"enableXO":true,
			"screenRotation":0
		}
	},
	"sub8": {
		"title":    "Sub-Terr8nia",
		"authors":  ["your name here"],
		"images":   ["sub8.gif"],
		"desc":     "Lander game",
		"event":    "Octojam4",
		"release":  "2017-08-31",
		"platform": "schip",
		"options":  {
			"tickrate":"60",
			"fillColor":"#ffffff",
			"fillColor2":"#FF6600",
			"blendColor":"#662200",
			"backgroundColor":"#000000",
			"buzzColor":"#FFAA00",
			"quietColor":"#111111",
			"shiftQuirks":false,
			"loadStoreQuirks":false,
			"vfOrderQuirks":false,
			"clipQuirks":false,
			"jumpQuirks":false,
			"enableXO":false,
			"screenRotation":270
		}
	},
	"octopeg": {
		"title":    "Octopeg",
		"authors":  ["Chromatophore"],
		"images":   ["octopeg.gif"],
		"desc":     "Peggle clone for Superchip",
		"event":    "Octojam2",
		"release":  "2015-10-29",
		"platform": "schip",
		"options": {
			"tickrate":"200",
			"fillColor":"#acd5ff",
			"fillColor2":"#FF6600",
			"blendColor":"#662200",
			"backgroundColor":"#113152",
			"buzzColor":"#264c74",
			"quietColor":"#000000",
			"shiftQuirks":false,
			"loadStoreQuirks":false,
			"vfOrderQuirks":false,
			"enableXO":false
		}
	},
	"masquer8": {
		"title":    "Masquer8",
		"authors":  ["Chromatophore"],
		"images":   ["masquer8.gif"],
		"desc":     "Cuttlefish pattern matching game for chip8.",
		"event":    "Octojam2",
		"release":  "2015-10-30",
		"platform": "chip8",
		"options": {
			"tickrate":"15",
			"fillColor":"#FF6666",
			"fillColor2":"#FF6600",
			"blendColor":"#662200",
			"backgroundColor":"#1a3674",
			"buzzColor":"#3b6c83",
			"quietColor":"#000000",
			"shiftQuirks":false,
			"loadStoreQuirks":false,
			"vfOrderQuirks":false,
			"enableXO":false
		}
	},
	"sens8tion": {
		"title":    "Sens8tion",
		"authors":  ["Chromatophore"],
		"images":   ["sens8tion.gif"],
		"desc":     "Equilibrium faithfully reproduced in schip.",
		"event":    "Octojam3",
		"release":  "2016-11-01",
		"platform": "schip",
		"options": {
			"tickrate":"20",
			"fillColor":"#1a3279",
			"fillColor2":"#FF6600",
			"blendColor":"#662200",
			"backgroundColor":"#bad9b6",
			"buzzColor":"#fff6d6",
			"quietColor":"#000000",
			"shiftQuirks":true,
			"loadStoreQuirks":true,
			"vfOrderQuirks":false,
			"clipQuirks":false,
			"jumpQuirks":true,
			"enableXO":false,
			"screenRotation":0
		}
	},
	"carbon8": {
		"title":    "Carbon8",
		"authors":  ["Chromatophore"],
		"images":   ["carbon8.gif"],
		"desc":     "A period correct movie tie in game for a popular 1980s franchise.",
		"event":    "Octojam5",
		"release":  "2018-11-01",
		"platform": "chip8",
		"options": {
			"tickrate": "15",
			"fillColor": "#FFCC00",
			"backgroundColor": "#0000FF",
			"buzzColor": "#FFFFFF",
			"quietColor": "#000000",
			"shiftQuirks":false,
			"loadStoreQuirks":false,
			"vfOrderQuirks":false,
			"clipQuirks":false,
			"jumpQuirks":false,
			"enableXO":false,
			"screenRotation":0
		}
	},
	"BadKaiJuJu": {
		"title":    "Bad Kaiju Ju",
		"authors":  ["MattBooth"],
		"images":   ["kaiju.gif"],
		"desc":     "The year is 1977. 90% of the world's landmass is now underwater and the world is at war...",
		"event":    "Ludum Dare",
		"release":  "2015-08-24",
		"platform": "chip8",
		"options": {
			"tickrate": "7",
			"fillColor": "#330033",
			"backgroundColor": "#AAAAFF"
		}
	},
	"piper": {
		"title":    "Piper",
		"authors":  ["Aeris", "JordanMecom", "LillianWang"],
		"images":   ["piper.gif"],
		"desc":     "Play as a small bird to collect goodies and avoid waves.",
		"event":    "GlobalGameJam2017",
		"release":  "2017-01-23",
		"platform": "chip8",
		"options": {
			"tickrate": "200",
			"fillColor": "#FFCC00",
			"backgroundColor": "#0000FF",
			"buzzColor": "#FFFFFF",
			"quietColor": "#000000",
			"shiftQuirks":false,
			"loadStoreQuirks":false,
			"vfOrderQuirks":false,
			"clipQuirks":false,
			"jumpQuirks":false,
			"enableXO":false,
			"screenRotation":0
		}
	},
	"supersquare": {
		"title":    "Super Square",
		"authors":  ["tann"],
		"images":   ["square.png"],
		"desc":     "Inspired by Super Hexagon",
		"event":    "Octojam1",
		"release":  "2014-11-04",
		"platform": "chip8",
		"options": {
			"tickrate": "500",
			"fillColor": "#FFFFFF",
			"backgroundColor": "#552200",
			"buzzColor": "#FFFFFF",
			"quietColor": "#000000",
			"shiftQuirks":false,
			"loadStoreQuirks":false,
			"vfOrderQuirks":false,
			"clipQuirks":false,
			"jumpQuirks":false,
			"enableXO":false,
			"screenRotation":0
		}
	},
	"civiliz8n": {
		"title":    "Civiliz8n",
		"authors":  ["tann"],
		"images":   ["civiliz8n.png"],
		"desc":     "Grow a tiny civilization in 10 turns",
		"event":    "Octojam2",
		"release":  "2016-09-26",
		"platform": "xochip",
		"options": {
			"tickrate": "100",
			"fillColor":"#754D27",
			"fillColor2":"#738C3A",
			"blendColor":"#E2CB8A",
			"backgroundColor":"#141421",
			"buzzColor":"#FFAA00",
			"quietColor":"#000000",
			"shiftQuirks":false,
			"loadStoreQuirks":false,
			"vfOrderQuirks":false,
			"clipQuirks":false,
			"jumpQuirks":false,
			"enableXO":false,
			"screenRotation":0
		}
	},
	"skyward": {
		"title":    "Skyward",
		"authors":  ["tann","JackieKircher"],
		"images":   ["skyward.png"],
		"desc":     "Climb as high as you can!",
		"event":    "Octojam3",
		"release":  "2016-11-01",
		"platform": "xochip",
		"options": {
			"tickrate": "1000",
			"fillColor":"#4B636F",
			"fillColor2":"#AF2D3D",
			"blendColor":"#AF2D3D",
			"backgroundColor":"#121212",
			"buzzColor":"#000000",
			"quietColor":"#000000",
			"shiftQuirks":false,
			"loadStoreQuirks":true,
			"vfOrderQuirks":false,
			"clipQuirks":false,
			"jumpQuirks":false,
			"enableXO":false,
			"screenRotation":0
		}
	},
	"mini-lights-out": {
		"title":    "Mini Lights Out",
		"authors":  ["tobiasvl"],
		"images":   ["mini-lights-out.gif"],
		"desc":     "Turn the lights out",
		"event":    "Octojam6",
		"release":  "2019-10-04",
		"platform": "chip8",
		"options": {
			"tickrate": "7",
			"touchInputMode":"seg16"
		}
	},
	"anEveningToDieFor": {
		"title":    "An Evening to Die For",
		"authors":  ["JohnEarnest"],
		"images":   ["murder.gif"],
		"desc":     "It is a dark and stormy night. A murder has been committed...",
		"event":    "Octojam6",
		"release":  "2019-10-22",
		"platform": "xochip",
		"options": {
			"tickrate":500,
			"fillColor":"black",
			"fillColor2":"red",
			"blendColor":"red",
			"backgroundColor":"white",
			"buzzColor":"gray",
			"quietColor":"#000000",
			"shiftQuirks":0,
			"loadStoreQuirks":0,
			"vfOrderQuirks":0,
			"clipQuirks":0,
			"vBlankQuirks":0,
			"jumpQuirks":0,
			"screenRotation":0,
			"maxSize":65024
		}
	},
	"horseWorldOnline": {
		"title":    "Horse World Online",
		"authors":  ["TomRintjema"],
		"images":   ["title.gif"],
		"desc":     "An online horse breeding game.",
		"event":    "Octojam1",
		"release":  "2014-10-28",
		"platform": "chip8",
		"options": {
			"tickrate":30,
			"fillColor":"#783809",
			"backgroundColor":"#a0cb6d",
			"buzzColor":"#FFAA00",
			"quietColor":"#000000",
			"shiftQuirks":false,
			"loadStoreQuirks":false,
			"vfOrderQuirks":false
		}
	},
	"horseyJump": {
		"title":    "Horsey Jump",
		"authors":  ["LarissaR"],
		"images":   ["jump.gif"],
		"desc":     "Press the X button to make the horse jump over the fence.",
		"event":    "Octojam2",
		"release":  "2015-10-30",
		"platform": "schip",
		"options": {
			"tickrate":20,
			"fillColor":"#C3C3C3",
			"fillColor2":"#FF6600",
			"blendColor":"#662200",
			"backgroundColor":"#006C00",
			"buzzColor":"#FFAA00",
			"quietColor":"#000000",
			"shiftQuirks":false,
			"loadStoreQuirks":false,
			"vfOrderQuirks":false,
			"enableXO":false
		}
	},
	"superOctoTrackXO": {
		"title":    "Super Octo Track XO",
		"authors":  ["TomRintjema"],
		"images":   ["title.gif"],
		"desc":     "Compose songs with the XO-Chip audio system.",
		"event":    "Octojam2",
		"release":  "2015-10-15",
		"platform": "xochip",
		"options": {
			"tickrate":100,
			"fillColor":"#FF00FF",
			"fillColor2":"#00FFFF",
			"blendColor":"#FFFFFF",
			"backgroundColor":"#000000",
			"buzzColor":"#990099",
			"quietColor":"#330033",
			"shiftQuirks":false,
			"loadStoreQuirks":true,
			"vfOrderQuirks":false,
			"enableXO":true
		}
	},
	"ghostEscape": {
		"title":     "Ghost Escape",
		"authors":  ["TomRintjema"],
		"images":   ["ghostescape.gif"],
		"desc":     "Seek revenge on mortal men in this exciting adventure!",
		"event":    "Octojam3",
		"release":  "2016-10-29",
		"platform": "chip8",
		"options": {
			"tickrate":7,
			"fillColor":"#FF00FF",
			"fillColor2":"#FF6600",
			"blendColor":"#662200",
			"backgroundColor":"#00FFFF",
			"buzzColor":"#990099",
			"quietColor":"#330033",
			"shiftQuirks":false,
			"loadStoreQuirks":false,
			"vfOrderQuirks":false,
			"clipQuirks":false,
			"jumpQuirks":false,
			"enableXO":false,
			"screenRotation":0
		}
	},
	"tombstontipp": {
		"title":    "TOMB STON TIPP",
		"authors":  ["TomRintjema"],
		"images":   ["tomb.gif"],
		"desc":     "Take turns pressing buttons to see who wins.",
		"event":    "Octojam5",
		"release":  "2018-10-12",
		"platform": "chip8",
		"options": {
			"tickrate":7,
			"fillColor":"#FFFFFF",
			"fillColor2":"#FF6600",
			"blendColor":"#662200",
			"backgroundColor":"#000000",
			"buzzColor":"#FFAA00",
			"quietColor":"#000000",
			"shiftQuirks":false,
			"loadStoreQuirks":false,
			"vfOrderQuirks":false,
			"clipQuirks":false,
			"jumpQuirks":false,
			"enableXO":false,
			"screenRotation":0,
			"touchInputMode":"seg16"
		}
	},
	"br8kout": {
		"title":    "Br8kout",
		"authors":  ["SharpenedSpoon"],
		"images":   ["breakout.gif"],
		"desc":     "You can't even imagine how amazing this breakout clone is!",
		"event":    "Octojam1",
		"release":  "2014-09-01",
		"platform": "chip8",
		"options": {
			"tickrate":7,
			"fillColor":"#ff84fe",
			"backgroundColor":"#ca2553",
			"buzzColor":"#FFAA00",
			"quietColor":"#f090e4",
			"shiftQuirks":false,
			"loadStoreQuirks":false,
			"vfOrderQuirks":false
		}
	},
	"1dcell": {
		"title":    "1D Cellular Automata",
		"authors":  ["SharpenedSpoon"],
		"images":   ["cellular.gif"],
		"desc":     "An implementation of 1D Cellular Automata.",
		"event":    "Octojam1",
		"release":  "2014-10-26",
		"platform": "chip8",
		"options": {
			"tickrate":1000,
			"fillColor":"#00f80a",
			"backgroundColor":"#274a17",
			"buzzColor":"#FFAA00",
			"quietColor":"#142a12",
			"shiftQuirks":false,
			"loadStoreQuirks":false,
			"vfOrderQuirks":false
		}
	},
	"keshaWasBird": {
		"title":    "Kesha Was Bird",
		"authors":  ["Kesha"],
		"images":   ["kesha.gif"],
		"desc":     "A surreal telephone adventure.",
		"release":  "2016-01-21",
		"platform": "xochip",
		"options": {
			"tickrate":1000,
			"fillColor":"#B8CD9E",
			"fillColor2":"#ED656B",
			"blendColor":"#55989E",
			"backgroundColor":"#59755E",
			"buzzColor":"#000",
			"quietColor":"#000000",
			"shiftQuirks":false,
			"loadStoreQuirks":false,
			"vfOrderQuirks":false,
			"enableXO":true
		}
	},
	"keshaWasBiird": {
		"title":    "Kesha Was Biird",
		"authors":  ["Kesha"],
		"images":   ["kesha.gif"],
		"desc":     "Second installment in epic saga about Kesha.",
		"event":    "Octojam3",
		"release":  "2016-10-31",
		"platform": "xochip",
		"options": {
			"tickrate":1000,
			"fillColor":"#1a1c19",
			"fillColor2":"#a0a29f",
			"blendColor":"#5d5b5d",
			"backgroundColor":"#fafdf9",
			"buzzColor":"#222211",
			"quietColor":"#212110",
			"shiftQuirks":false,
			"loadStoreQuirks":false,
			"vfOrderQuirks":false,
			"clipQuirks":false,
			"jumpQuirks":false,
			"enableXO":true,
			"screenRotation":0
		}
	},
	"keshaWasNiiinja": {
		"title":    "Kesha Was Niiinja",
		"authors":  ["Kesha"],
		"images":   ["kesha.gif"],
		"desc":     "Legendary ninja returns! Who is he? Ruthless killer? Absolute evil? Character with his own purpose? His motives are still unclear, and his story is for you to unfold.",
		"event":    "Octojam4",
		"release":  "2017-10-31",
		"platform": "xochip",
		"options": {
			"tickrate":1000,
			"fillColor":"#b22d10",
			"fillColor2":"#10b258",
			"blendColor":"#ffffff",
			"backgroundColor":"#283593",
			"buzzColor":"#182583",
			"quietColor":"#182583",
			"shiftQuirks":false,
			"loadStoreQuirks":false,
			"vfOrderQuirks":false,
			"clipQuirks":false,
			"jumpQuirks":false,
			"enableXO":true,
			"screenRotation":0
		}
	},
	"redOctober": {
		"title":    "Red October V",
		"authors":  ["Kesha"],
		"images":   ["title.gif"],
		"desc":     "A futuristic RPG.",
		"event":    "Octojam5",
		"release":  "2018-10-31",
		"platform": "xochip",
		"options": {
			"tickrate":10000,
			"fillColor":"#000000",
			"fillColor2":"#ffff00",
			"blendColor":"#808000",
			"backgroundColor":"#b22d10",
			"buzzColor":"#400000",
			"quietColor":"#400000",
			"shiftQuirks":false,
			"loadStoreQuirks":false,
			"vfOrderQuirks":false,
			"clipQuirks":false,
			"jumpQuirks":false,
			"enableXO":true,
			"screenRotation":0
		}
	},
	"sk8": {
		"title":    "SK8 H8 1988",
		"authors":  ["Willfor"],
		"images":   ["sk8.gif"],
		"desc":     "Don't get trashed out there, GRRL!",
		"event":    "Octojam2",
		"release":  "2015-10-28",
		"platform": "xochip",
		"options": {
			"tickrate":20,
			"fillColor":"#7B0201",
			"fillColor2":"#F2FAF7",
			"blendColor":"#E7ED3E",
			"backgroundColor":"#D4D4D4",
			"buzzColor":"#990099",
			"quietColor":"#330033",
			"shiftQuirks":false,
			"loadStoreQuirks":false,
			"vfOrderQuirks":false,
			"enableXO":true
		}
	},
	"snake": {
		"title":    "Snake",
		"authors":  ["TimoTriisa"],
		"images":   ["snake.gif"],
		"desc":     "Classic Snake game without walls.",
		"event":    "Octojam1",
		"release":  "2014-10-11",
		"platform": "chip8",
		"options": {
			"tickrate":15,
			"fillColor":"#84a174",
			"backgroundColor":"#30283e",
			"buzzColor":"#FFAA00",
			"quietColor":"#000000",
			"shiftQuirks":false,
			"loadStoreQuirks":false
		}
	},
	"spacejam": {
		"title":    "Spacejam!",
		"authors":  ["WilliamDonnelly"],
		"images":   ["title.gif"],
		"desc":     "An extended and enhanced version loosely based on ShipTunnel from the 2014 OctoJam.",
		"event":    "Octojam2",
		"release":  "2015-10-30",
		"platform": "chip8",
		"options": {
			"tickrate":100,
			"fillColor":"#fcfcfc",
			"fillColor2":"#FF6600",
			"blendColor":"#662200",
			"backgroundColor":"#111111",
			"buzzColor":"#FFAA00",
			"quietColor":"#000000",
			"shiftQuirks":false,
			"loadStoreQuirks":false,
			"vfOrderQuirks":false,
			"enableXO":false
		}
	},
	"mastermind": {
		"title":    "Mastermind",
		"authors":  ["WilliamDonnelly"],
		"images":   ["title.gif"],
		"desc":     "The classic puzzle game of deduction.",
		"event":    "Octojam3",
		"release":  "2015-11-08",
		"platform": "chip8",
		"options":  {
			"tickrate":20,
			"fillColor":"#FCFCFC",
			"fillColor2":"#FF6600",
			"blendColor":"#662200",
			"backgroundColor":"#005E20",
			"buzzColor":"#FFAA00",
			"quietColor":"#000000",
			"shiftQuirks":false,
			"loadStoreQuirks":false,
			"vfOrderQuirks":false,
			"enableXO":false
		}
	},
	"spaceracer": {
		"title":    "Space Racer",
		"authors":  ["WilliamDonnelly"],
		"images":   ["title.gif"],
		"desc":     "Based on the classic 2-player 'Space Race' video game.",
		"event":    "Octojam4",
		"release":  "2017-10-30",
		"platform": "chip8",
		"options": {
			"tickrate":20,
			"fillColor":"#FCFCFC",
			"fillColor2":"#FF6600",
			"blendColor":"#662200",
			"backgroundColor":"#111111",
			"buzzColor":"#FFAA00",
			"quietColor":"#000000",
			"shiftQuirks":false,
			"loadStoreQuirks":false,
			"vfOrderQuirks":false,
			"clipQuirks":false,
			"jumpQuirks":false,
			"enableXO":false,
			"screenRotation":0
		}
	},
	"down8": {
		"title":    "down8",
		"authors":  ["tinaun"],
		"images":   ["down8.gif"],
		"desc":     "you fall down an endless hole and then you die!",
		"event":    "Octojam2",
		"release":  "2015-10-28",
		"platform": "chip8",
		"options": {
			"tickrate":15,
			"fillColor":"#27130F",
			"backgroundColor":"#3DBDFA",
			"buzzColor":"#FF6600",
			"quietColor":"#000000",
			"shiftQuirks":false,
			"loadStoreQuirks":false
		}
	},
	"trucksimul8or": {
		"title":    "Truck Simul8or",
		"authors":  ["buffi"],
		"images":   ["truck.gif"],
		"desc":     "You're a kid, you're a truck.",
		"release":  "2015-07-28",
		"platform": "xochip",
		"options": {
			"tickrate":1000,
			"fillColor":"#FFCC00",
			"fillColor2":"#FF6600",
			"blendColor":"#662200",
			"backgroundColor":"#996600",
			"buzzColor":"#FFAA00",
			"quietColor":"#000000",
			"shiftQuirks":false,
			"loadStoreQuirks":false,
			"vfOrderQuirks":false,
			"enableXO":true
		}
	},
	"danm8ku": {
		"title":    "Danm8ku",
		"authors":  ["buffi"],
		"images":   ["title.gif","gameplay.gif"],
		"desc":     "Bullet hell for the Chip-8! Survive 8 waves of exciting bullet patterns!",
		"event":    "Octojam2",
		"release":  "2015-10-31",
		"platform": "chip8",
		"options": {
			"tickrate":1000,
			"fillColor":"#00FF00",
			"fillColor2":"#FF0000",
			"blendColor":"#FFFF00",
			"backgroundColor":"#000000",
			"buzzColor":"#999900",
			"quietColor":"#333300",
			"shiftQuirks":false,
			"loadStoreQuirks":false,
			"vfOrderQuirks":false,
			"enableXO":true
		}
	},
	"binding": {
		"title":    "The Binding of COSMAC",
		"authors":  ["buffi"],
		"images":   ["title.gif"],
		"desc":     "Simplified Isaac demake for SCHIP. 42 screens across three floors with an exciting boss battle at the end!",
		"event":    "Octojam3",
		"release":  "2016-10-21",
		"platform": "schip",
		"options": {
			"tickrate":1000,
			"fillColor":"#FFCC00",
			"fillColor2":"#FF6600",
			"blendColor":"#662200",
			"backgroundColor":"#996600",
			"buzzColor":"#FFAA00",
			"quietColor":"#000000",
			"shiftQuirks":false,
			"loadStoreQuirks":false,
			"vfOrderQuirks":false,
			"clipQuirks":true,
			"jumpQuirks":false,
			"enableXO":false,
			"screenRotation":0
		}
	},
	"chipcross": {
		"title":    "Chipcross",
		"authors":  ["buffi"],
		"images":   ["chipcross.gif"],
		"desc":     "16 levels of Picross implemented in CHIP8. 800 bytes of fun.",
		"event":    "Octojam5",
		"release":  "2018-10-15",
		"platform": "schip",
		"options": {
			"tickrate":20,
			"fillColor":"#FFCC00",
			"fillColor2":"#FF6600",
			"blendColor":"#662200",
			"backgroundColor":"#996600",
			"buzzColor":"#FFAA00",
			"quietColor":"#000000",
			"shiftQuirks":false,
			"loadStoreQuirks":false,
			"vfOrderQuirks":false,
			"clipQuirks":false,
			"jumpQuirks":false,
			"enableXO":false,
			"screenRotation":0
		}
	},
	"knight": {
		"title":    "Knight",
		"authors":  ["simonpacis"],
		"images":   ["knight.gif"],
		"desc":     "You're Artore the Puny, littlebrother and inferior to your great big brother, King Arthur.",
		"event":    "Octojam3",
		"release":  "2016-10-07",
		"platform": "schip",
		"options": {
			"tickrate":"200",
			"fillColor":"#FFCC00",
			"fillColor2":"#FF6600",
			"blendColor":"#662200",
			"backgroundColor":"#996600",
			"buzzColor":"#FFAA00",
			"quietColor":"#000000",
			"shiftQuirks":false,
			"loadStoreQuirks":false,
			"vfOrderQuirks":false,
			"clipQuirks":false,
			"jumpQuirks":false,
			"enableXO":false,
			"screenRotation":0
		}
	},
	"chipquarium": {
		"title":    "Chipquarium",
		"authors":  ["mattmik"],
		"images":   ["chipquarium.gif"],
		"desc":     "A CHIP-8 fish tank simulator.",
		"event":    "Octojam3",
		"release":  "2016-10-31",
		"platform": "chip8",
		"options": {
			"tickrate":15,
			"fillColor":"#FFFFFF",
			"fillColor2":"#FF6600",
			"blendColor":"#662200",
			"backgroundColor":"#0072ff",
			"buzzColor":"#FFAA00",
			"quietColor":"#0000FF",
			"shiftQuirks":false,
			"loadStoreQuirks":false,
			"vfOrderQuirks":false,
			"clipQuirks":true,
			"vBlankQuirks":true,
			"jumpQuirks":false,
			"logicQuirks":true,
			"screenRotation":0,
			"maxSize":3215,
			"touchInputMode":"none"
		}
	},
	"glitchGhost": {
		"title":    "Glitch Ghost",
		"authors":  ["JackieKircher"],
		"images":   ["glitchGhost.gif"],
		"desc":     "glitch ghost is all alone in the cemetery, please help them make some friends by turning the trespassing humans into new ghosts!",
		"event":    "Octojam1",
		"release":  "2014-10-29",
		"platform": "chip8",
		"options": {
			"tickrate":200,
			"fillColor":"#FFFFFF",
			"backgroundColor":"#555555",
			"buzzColor":"#FFFFFF",
			"quietColor":"#000000",
			"shiftQuirks":false,
			"loadStoreQuirks":false
		}
	},
	"octovore": {
		"title":    "Octovore",
		"authors":  ["JackieKircher"],
		"images":   ["octovore.gif"],
		"desc":     "a game of hungry hungry octopods",
		"event":    "Octojam2",
		"release":  "2015-11-02",
		"platform": "schip",
		"options": {
			         "tickrate" : 120,
			        "fillColor" : "#5B1B96",
			       "fillColor2" : "#E03B22",
			       "blendColor" : "#68E022",
			  "backgroundColor" : "#8BDCE8",
			        "buzzColor" : "#68E022",
			       "quietColor" : "#000000",
			      "shiftQuirks" :  false,
			  "loadStoreQuirks" :  false,
			    "vfOrderQuirks" :  false,
			         "enableXO" :  true
		}
	}
}
